rainfall_mm,temperature_c,fertilizer_kg_per_ha,soil_ph,irrigation_hours,pesticide_cost,crop_yield_tons_per_ha
202.56012593096497,26.591913222689314,146.4214251684825,5.624848781873639,162.9015936261063,218.68064578130736,120.0
35.1365690116606,20.766772316329234,35.750247372838054,6.107264403584413,129.01653839335725,37.67205878657537,120.0
17.420654241653068,19.923761964234195,44.535895967417616,6.324416429732138,73.20307751837518,473.3193636074763,120.0
7.352667400004188,28.941392237917885,321.0261114309406,7.651748466589521,60.8140569560514,460.2676156198138,120.0
22.16717682818167,20.665915572309824,122.56723333745708,6.335384585224232,1.710954023634037,342.2163447907994,120.0
48.056036526674035,25.359458644477023,182.0008088743898,6.017506363793329,166.72151173764806,233.94626406601247,120.0
118.09820653453653,25.742527855145664,46.20884913218163,6.020502694911525,17.486539498728494,46.42973647176063,120.0
43.211946022280415,26.87237279036043,21.333807775863338,6.115611463307296,126.15099960815353,395.37405928873807,120.0
68.34882129136854,30.14962258109123,42.463692505154896,6.0838515943012945,100.81498936801768,37.738957212014476,120.0
51.93977342295345,17.422222378796064,100.72837980356917,5.60424650615553,105.33787178527024,34.30049244757283,120.0
23.359754902838883,13.533044048437073,9.271522111905714,5.713059932137115,185.34256906155466,268.69192121968405,120.0
59.53291521838542,21.59531631262989,25.2282849468685,5.919475737947041,6.323002254248422,80.06412009232011,120.0
14.010733695047167,35.809170446993114,3.8206713691199274,6.914099712917168,154.67844492575446,3.865133670174492,120.0
42.74160297613241,37.13304460052427,45.29970105003049,6.233133898908989,10.410479673461426,211.55671549789312,120.0
102.0104249663184,35.987062813395326,140.56348143580254,6.354986817634172,7.63072118707544,68.60861580503297,120.0
49.058859238362935,23.842111793435862,1.9978345905403465,7.389061617678427,85.96353962827638,80.25770764034561,120.0
51.95625325047368,14.307309508091027,89.9940847646249,7.406505004956893,12.615034868593344,38.45531936766733,120.0
32.67293622009478,10.941765390088955,215.64532517250657,6.302512539803586,157.82879025858242,102.54687686180498,120.0
9.773536949757498,21.315771030703534,21.632216504796315,6.058395542521613,105.91261872966744,357.7420898871947,120.0
35.732936867757545,23.81155821910384,94.63820460222394,5.894898780428523,5.8077565319548885,404.4636536088957,120.0
77.83001240031611,32.803752406335754,295.43710622655004,6.984943038795766,8.100137296383902,226.2668220146503,120.0
56.837484121713786,30.206832757254674,262.20107159839455,6.356704936534398,122.53370594789588,253.27690794070884,120.0
14.824150305078144,26.364430473949724,21.422951304560158,6.229453576774047,161.22236353168097,16.327517297101302,120.0
6.915801306209217,19.66093137435315,8.458273618297017,5.930434797403713,87.55990625495471,34.65813068565843,120.0
23.122878325054064,19.23532265053066,12.840033951896624,5.9612335136920285,110.91613430712488,128.78386282475844,120.0
36.01921914351654,26.524766122428613,96.86251940268745,6.724040734045271,159.96589080998032,271.94921035657376,120.0
38.06566620629065,29.18230587303836,103.49980343902115,5.579193213878916,122.10123480836384,369.77557436749646,120.0
38.45741647151752,27.351287573473506,89.72670481539816,7.196408085651557,44.952047531763895,302.5015306690165,120.0
42.89047693352711,18.792412242360072,32.76729522426214,6.126308749329557,122.61040517389571,196.06392749339412,120.0
58.1991640762335,28.904005772752516,14.884869361456305,6.395254839023745,125.65589181304271,59.16203650156909,120.0
30.906773976097075,27.555465802608467,69.54514682263633,5.564115429301612,146.82139617622533,390.38661744359473,120.0
18.911448601061284,18.57600156285893,52.88235312122319,6.491343843230345,124.17483751136025,181.89302579952854,120.0
63.05020378207009,20.294074178198464,104.40197136490498,6.270175340116608,193.8484260916076,368.0270072413948,120.0
79.11863284031304,29.1309758473694,46.580012903717986,6.464943580800473,39.457661743413695,256.4894209571709,120.0
27.02097391215758,23.592954789124654,33.07651971142655,7.530196228853323,190.21813591341527,369.3310267809126,120.0
149.37095918950672,34.534883809818744,27.792140408624064,6.624388632053168,107.66789807000325,453.64478072628594,120.0
113.92980304896089,28.006775656387457,19.0068185807889,5.943738571097938,134.3912280989824,460.514758026901,120.0
15.867870505497757,22.080212870864386,24.71206188169489,6.002076062617403,19.89231949043797,267.5533900003017,120.0
7.525552818378521,24.938766397654405,7.970639395097535,6.916591830139638,76.1151882756214,255.75418238281938,120.0
37.259721724426484,25.38030035582631,34.076736090630426,7.409085303695397,153.87582929263453,132.83923275141862,120.0
52.205574022296965,20.629658120549742,2.980420063836719,6.697342614525735,141.38220301979806,467.8999157646457,120.0
147.94042210098675,19.52447081093424,16.504276321353423,6.982098921188339,8.027877633082037,228.95958359981046,120.0
144.7015528002628,29.208339362856997,109.87670944902501,6.926816406335694,109.31885269944893,63.795619643688575,120.0
68.46420763887593,30.071639782252575,31.499010210645405,7.493345089350265,17.65563859368189,216.35245731327495,120.0
31.426690922019883,28.62268881731775,88.2667577261239,5.135286879091777,199.17128583563246,63.52662511900198,120.0
94.54955601886103,34.09190856594281,100.95193532484822,6.96705325751317,179.45931770665894,251.26584212853754,120.0
46.89001162195874,21.74936058393039,69.62614418770416,7.188615230732495,4.216132085707391,280.6377574281061,120.0
12.753594087316369,35.045624596426784,254.94704736170948,5.562893405705099,171.72991578052617,168.87788074679267,120.0
13.248559711769744,19.594473288675083,1.7338431505890592,5.880032271195509,183.88592011168151,35.82530711574233,120.0
31.599013886308256,18.923886619789045,107.35239326275972,5.904452075960292,70.70964451269101,471.7517678166195,120.0
84.1193132581962,14.4402467071045,255.1194319165376,5.989846862535831,143.90033100955318,386.6765567417148,120.0
17.17499391676711,22.3252281170391,158.59780705928515,6.162798064345131,88.42074924155578,419.4405402525605,120.0
31.54271928937249,21.97766597902328,14.703509622539636,6.669821969138459,131.04649691526882,183.43419714311472,120.0
113.27306160168065,28.155623681527903,31.659438471443856,7.105972255817159,68.06348085963829,380.41551500972525,120.0
56.766531128663786,26.463345649722704,15.143037910351199,7.256921870437975,64.51184732665367,242.68644758459712,120.0
61.63877385485249,17.84215977388518,73.5653602023356,5.913523857182553,84.88677777151581,100.54174420302297,120.0
86.20910790147052,22.643642569445095,99.6358181731257,5.908707900907912,29.11355173050023,62.21168845360664,120.0
32.07316450860161,22.771227873473887,30.50947464774586,7.421075288011356,166.22779288707653,172.52543466102844,120.0
118.41593269171456,14.344106518228644,62.03653593134077,6.952720754793051,69.73957907232733,68.77605573756983,120.0
69.91237882686349,19.114319637919785,93.93255842652286,6.558005389308297,80.02991078116904,499.1344881020343,120.0
39.039542819257164,20.375118216315464,43.76319010509205,6.831335672888477,178.81092254042892,24.59449511601103,120.0
103.80273304175532,33.60175011892568,153.94040287315244,6.479137352703992,99.32476281263428,220.57179968453826,120.0
67.76533991890116,26.148704295744114,118.1150102165289,6.8672092781333305,108.85078187017258,226.04676119519206,120.0
42.12367263515775,28.973012523684996,5.348088523495774,6.264753312445982,191.2996249554197,150.31596429083777,120.0
62.943837446154916,16.008187017104728,77.6439786418163,6.688163454107461,177.34527662899785,285.6757828534727,120.0
20.521619291888335,32.16528689808395,21.464407403258257,5.442617764741352,33.8933417776879,74.98851207577233,120.0
94.77842454901993,32.80661237814456,65.22848731762174,6.018550993622198,94.64300598362101,391.9561902936168,120.0
146.29572851407426,13.009930197132244,251.51713323611858,6.02609217624676,194.2592454857091,166.22385912381915,120.0
9.305733304288047,20.768099656504912,168.9981839232678,6.23792697675516,74.47325964572053,295.67129489932086,120.0
26.76112199655411,27.974593438093063,41.47051485437817,5.851440721654177,74.31462170324001,357.8196180334797,120.0
24.894111997620136,28.866330721229094,27.569982412941016,6.126519461923842,39.00604635783087,444.5210588450806,120.0
73.01527471856133,20.92903161707667,21.36823536137001,5.439910156321315,22.864622823825044,417.8937182261001,120.0
50.22697851275591,23.167003221678083,60.83101901800528,6.88409033347643,148.06095815119636,304.1545140517798,120.0
30.274252312609008,21.415713633729144,9.705503118955553,6.442240536762024,154.0060937403033,194.19659019194347,120.0
34.165389432173846,25.66250828167672,63.75183196700749,5.306354674556788,193.80259270059997,251.60233503748196,120.0
28.016203629421,32.18307118877148,0.10676236635178173,5.915619062617329,154.6836421810726,384.3673966894013,120.0
66.74380668462759,20.373747057152773,31.307183036011107,6.735620999293517,48.67049880671974,438.7727712797365,120.0
49.61897639339099,31.004922986610485,19.87017198452017,6.119884637529947,8.02331565770309,51.890964088335934,120.0
32.850830473144775,20.309967565918676,283.8426027166881,6.012140977903332,197.08747687393205,192.42813124652673,120.0
28.442224017442687,19.914236725018696,103.93371963482235,6.447785126094346,68.09013910872115,388.0582992067503,120.0
105.02394245014901,29.91156771005928,34.419983791852445,6.740518274624751,62.39430848648415,215.8258812969805,120.0
93.14792760437605,30.5316182680457,7.795363664027526,5.494553280072588,181.1910419498765,166.11388203314192,120.0
67.29257819999276,30.108459620575925,58.186069047695725,6.885089936852515,117.01997970899723,205.6613484116348,120.0
86.51500835432718,17.105215550691153,19.207703367053195,5.939794702874837,42.974234769826914,301.4223733931754,120.0
12.883646821450387,22.204294131567696,61.503752079476676,6.487450422225141,177.8192485432479,499.90257206690075,120.0
17.02681643800953,29.93793155201993,144.32066447577586,6.4752059015159436,198.67217101094866,246.49621455226588,120.0
15.314894204989866,25.249251043383367,76.52581146902945,6.131053717232158,17.335712230166145,104.24723747713027,120.0
43.12176192368693,18.557842922815215,80.36352191478423,5.7834381777085,172.45032566049744,81.42328763954737,120.0
88.47314291062027,27.74990763475265,62.30168482740606,6.300019416335416,78.1031395368788,21.174873738207147,120.0
30.63105615814374,20.711156446051177,209.67530220418212,7.637731216352637,104.81448930134087,279.4086174591607,120.0
96.86244803030382,35.76714909035327,214.94539883266873,5.546827478675459,182.96319515299615,272.2860457444171,120.0
26.712114562561982,34.26904877450955,57.51383533958411,7.6846191133734125,194.67583915502345,102.61696339015458,120.0
38.67059943692699,28.624584558133403,29.194945456122667,6.318195180246427,52.432782081759875,347.6647032262835,120.0
30.344121057142925,33.16604022861864,49.23373022482819,6.524759991962047,42.57015419198276,370.5535208148404,120.0
36.38246519086162,25.388748100740287,16.51844350307205,5.739302432030691,16.103311718302372,129.54910269105562,120.0
39.56911481281292,29.592624966250096,80.92382241717814,5.960111408325764,112.3595705324276,172.04988201486827,120.0
7.265697214556201,33.86632177181245,55.466549534264374,6.147963244973386,2.7208790901336544,495.23583617362834,120.0
55.63032975395507,26.472992090765874,8.722756310538571,5.768013520385462,82.37965952198732,187.1322339253671,120.0
38.85344375939875,23.468876970914298,17.61660734909598,6.35375742984039,14.676803330401711,380.4008358780509,120.0
118.24213616723864,14.772268250937305,52.2575152978387,6.21508887573526,81.04515658586679,226.36271331497,120.0
64.96748788968235,24.501198845671038,174.84747191823647,7.795546799705013,7.986437853121853,396.67241393048795,120.0
53.881297300159034,29.940539107373866,66.84891426617236,5.683818070023677,167.04345212175377,384.51161939132396,120.0
113.58871728483192,30.673800565405777,91.53941606182246,6.571883361724011,41.947798787713175,333.8780125992678,120.0
105.99927636113944,28.026190394310458,33.123570544715534,6.673492397331278,65.6617420715824,427.3891731477896,120.0
121.76338483301154,21.75220543022656,67.78062226349718,5.750775615943714,174.0095993212784,469.6092474388426,120.0
28.113060628681367,13.139070586314457,47.44674829248851,6.980779246816987,149.253212266441,289.991660226042,120.0
14.94989179052815,22.02870941197159,86.10030797781496,6.22117109098286,43.8076723284117,118.73445361137286,120.0
7.310624171330371,23.173930773676293,4.151946961986706,4.755327243891853,14.37988373149921,199.31448082203752,120.0
85.7059452703713,23.122426196859916,54.38692746077657,6.961894728473196,143.1347553710679,379.1528567566466,120.0
6.00025612513416,28.711338141867547,28.07731577849517,5.718141381128345,78.14051013762186,325.44174256193475,120.0
50.16768849993486,36.91405846608904,31.583982192037325,5.766557537702631,153.21599982364424,88.89916928262437,120.0
10.18693620258789,25.741175211046556,259.36629850378586,6.981531458024679,89.05895447504209,25.619770573212353,120.0
94.36752680049167,23.69960926506123,16.139416609621488,6.256986962307085,69.20048259445528,341.48079677103243,120.0
61.34065427136976,23.444669121975444,29.829602058473867,7.14244050538605,90.2410816424793,125.53951201467267,120.0
93.99822549019274,25.746308601446287,57.050454296259915,7.347116266755723,149.71179713413534,249.8351218645267,120.0
50.96751854541408,20.030237437909605,159.03768594595388,6.048550077774392,180.44405730807483,373.3733862562971,120.0
18.843391816366342,25.721191352476332,43.120188614003624,7.055283747168521,9.953439317715107,281.33339032816656,120.0
29.696476371970498,27.7048740179908,108.96413811129109,5.9711774390249825,104.82230824539103,41.6512915558982,120.0
79.9121144607889,26.25811638144693,155.2434611267853,8.063181141992523,6.56708581677552,92.7901183917777,120.0
9.227522183112438,27.745251604028688,29.686990860913163,6.01493009682815,93.68190900487174,109.66409201545957,120.0
27.730424355288463,27.60248565609121,39.9052010676492,7.218261208672002,177.05656581938007,128.93212682242245,120.0
24.528512872164313,14.368619906521339,35.27365019697298,7.090653018117103,72.31805328406193,282.7016959752521,120.0
39.987090085081725,28.821220950372417,143.11187341197495,6.721261475476253,186.49008421612865,251.98288991269675,120.0
66.51637920359744,20.97391092602528,3.6288206463540513,6.030619787008322,126.12169433012188,101.58001918210446,120.0
92.36807051913163,18.424965021976252,29.502241475981876,6.394021755641013,186.83106875860128,33.77742172784354,120.0
12.040218639229813,18.373289032870023,91.0070185279517,4.992488320938814,151.43332508250393,85.71610223735904,120.0
20.04312553118335,27.601249662835176,66.67434457662195,6.657094026867576,20.68703332975246,492.19065630930163,120.0
13.503817224699114,23.66455043665088,45.85713660252095,6.74473073171987,46.23027351253541,234.27347489573614,120.0
41.23236903565077,14.908187296087537,62.113299705079086,6.59344959334296,78.83409091670124,433.67275235105626,120.0
15.181906741894565,27.8682268911537,17.61030659476588,4.4186856800952095,34.02137640241521,424.37623333442167,120.0
55.30837713380947,16.36235121520704,45.07015520180601,5.614054488437132,98.9823209553321,255.75977873143685,120.0
101.00844444326678,25.838928151109265,55.72471699416299,5.9763363120059365,94.27363114029812,353.34385423027175,120.0
7.609935007213518,26.430993554038324,185.163806289199,6.704161253232332,191.25183960547625,96.37600520635614,120.0
20.680701898767715,30.31346249017027,24.178746281153074,6.702537233950089,86.74557657919554,344.19835246345417,120.0
122.62357663117993,35.690108718801106,161.89239789090746,6.380843345620175,157.12536085759956,136.19228963164477,120.0
49.14464785957339,16.81194204459675,82.68022962771408,6.944671875622769,188.38210897029597,416.03104837707536,120.0
28.12970659316491,24.685156863621703,1.6440443690440198,5.78163033728797,175.3977661947971,41.862066554454955,120.0
210.09820314979635,23.341988229734696,103.17155888120631,6.927164503985797,41.733524902318365,386.56933644263876,120.0
34.063767108481414,27.602498115765773,2.8959388056017743,6.832319473387924,99.20597885070886,49.96845328430977,120.0
64.66427977324255,26.294012625601713,475.60089082630384,6.764288312986538,69.54795645918514,440.59461844715446,120.0
21.501711869179033,22.884722543580278,164.85692398195891,6.372571698240041,79.9717390274431,152.10225906750185,120.0
18.22358027689493,22.354586868334867,28.230998326089612,7.7815206773818835,72.16136524915025,327.1966824152874,120.0
67.40170578697973,18.301294868895713,23.80902881286513,6.845236981942915,165.27184203500082,243.75113931013993,120.0
130.06264043618577,30.927169494439056,38.4290265886751,5.8221648957225085,90.42781102448949,183.1515726311695,120.0
29.170622780876144,27.755225089597175,35.225267952227824,6.673813833015189,104.73886644893764,322.7209165917482,120.0
16.989996582353033,30.506609186770824,37.26025476912215,7.026738363951953,196.48947140941493,473.761490275619,120.0
84.69943238952202,23.137623181146918,30.65049569735537,6.088323980752984,11.995854438303288,20.63487368731093,120.0
29.410281386623627,21.058987187833416,77.64569062611834,7.262490572851769,97.59152795814975,459.42642794155216,120.0
55.86308520174732,18.530109600224634,14.355368229445823,6.767423594001207,154.8123413892232,304.54082751050674,120.0
28.445217643865874,27.153505502443956,149.65449650584208,4.860265163634257,30.232391637645307,403.6571503845262,120.0
32.52161763223002,18.761240652830594,133.87651868822155,6.709770384136548,122.30631892295479,191.9374767171388,120.0
19.945471851761063,36.0919784137993,51.774893800059125,6.215779591911099,47.892955906893356,235.92148741880686,120.0
68.67980570269737,17.154144513439356,153.23899251814237,6.876025870179215,173.4808226449135,434.425375900582,120.0
57.07712050357425,26.64196071527501,22.710618066042983,7.16095038817627,65.41993308001585,207.42398490491155,120.0
55.63544430639268,34.40112824328272,1.4177247231746113,6.6366134329992725,65.81256338018191,267.3297833745425,120.0
23.514833322048943,28.594538555582854,77.24014302475089,7.665676563761287,119.6387757035787,10.097461542166453,120.0
53.49807944972015,26.054042274950675,48.98577165505912,6.374905180805553,36.71258162398174,79.29900291902115,120.0
141.83157840972265,19.189098118228628,66.991811019487,6.937372476137712,56.977727780612206,320.84325398739986,120.0
17.09943370904444,16.709384868593776,183.68007252673837,7.063459801546143,83.3263700238823,358.48845053193855,120.0
21.64038949217708,29.620300653505517,280.3264070792053,6.431857821775087,70.72757262802207,291.3004683922497,120.0
22.69531549115662,34.03688344464968,80.50886395258586,7.045142015584447,104.97544360111648,71.65501813780534,120.0
46.004746518246044,22.36690005713097,115.53272415400274,6.083728908986482,119.92802881379325,222.7027142889174,120.0
15.912788453050203,18.165630954301893,7.002384194062659,6.204202106685147,113.33349075003292,177.5473831815949,120.0
61.40146652971755,10.250983416705889,14.016450958570017,5.5812579167645815,130.83366239838645,247.83067201754417,120.0
6.685604915977839,19.115410938024773,105.70191797373764,6.668986381459033,61.549903321564045,435.16451727704714,120.0
74.61341144017453,24.31805894500576,45.16138636535647,6.727676173098041,25.28524543100561,387.93071932932594,120.0
54.895699318519405,34.59473944502041,47.24223243192018,7.3254842110054605,152.16150828621542,41.99475069457947,120.0
139.68464829267825,29.03880215339781,29.52382894550012,7.053798003049119,170.1560765261364,445.15459888728213,120.0
17.85562015402271,26.830512428240517,74.78823253743536,6.300643110346797,51.401246444486446,235.8835755749118,120.0
87.04809363574573,22.599282032193216,16.381575676981367,5.675274218866006,81.41839123160395,371.9310724429992,120.0
38.945507038641914,21.50100569646426,78.87619458259124,6.802995281763982,99.71384339271106,70.01961563217607,120.0
33.13443684474181,33.43388558504778,15.273361659348211,7.277527220690249,106.66536855058727,335.35976285352405,120.0
17.05653984144267,26.204431244550335,5.276316753725638,7.02862948166276,131.89803421753038,118.16300880472896,120.0
28.792651481799485,12.384395848473869,32.08092583064379,7.259134267400102,8.320646671064269,219.19044857046578,108.92978791021075
29.885853532617567,20.958762112616544,21.027746039531113,6.35167732816123,144.2954165468034,8.431435041052204,120.0
10.259138825802811,19.850703809370238,175.85198017484063,6.1733667222770485,12.394201395882053,75.80531896523802,120.0
54.47291491195415,21.72241594493521,4.521687802873251,5.984169053437741,93.65771353457357,46.04024656180988,120.0
49.368301734881825,28.37746396171051,15.54638392759422,6.460872473370483,165.53422711383882,119.87208646912923,120.0
64.47804994237704,24.355330709234504,63.65331324437754,6.444986442821826,90.24306265567925,50.00904501216114,120.0
25.739494178931118,24.53880755797803,52.47846930648435,6.644674339977381,29.817949753649554,345.95501330978095,120.0
76.6080274855133,32.88083896795142,3.754920204447938,6.409491780075145,197.00676900119194,14.519951104609685,120.0
104.64265151290321,20.82123346127987,0.5823083776460711,6.40646058919126,177.85709241485264,308.87025031249897,120.0
35.185050672266875,36.1851971553241,354.2821238565756,5.956314162919499,154.2627266450028,70.35391541278713,120.0
18.19616802249696,20.972154451773484,86.03105355767721,7.159133309486044,82.30232057984207,472.58072858894843,120.0
44.22122174280344,25.535189179675427,36.38160487427933,6.553562643570598,36.76914537785956,466.5470365549271,120.0
42.67729707791703,23.312778427583396,50.85553334528349,6.3778892460003025,188.28223628370026,112.7515512604813,120.0
36.66068607290487,25.740514801005766,24.79968114224777,5.976799522725557,106.4702253034278,307.2106491115147,120.0
64.58505145254871,27.667551970438776,33.83418922071296,5.567660822726239,170.47109207749702,14.002659736229218,120.0
31.847345884861,27.603011440533262,83.76766007324987,7.415574934784541,68.41900115188515,465.89427152558704,120.0
16.88045747494196,20.48129601627652,171.5179263869495,6.888247095692265,67.05766341589413,261.4936540958548,120.0
47.335544803120634,18.262511935314578,16.28002229804584,5.363257510201023,197.10809613480782,21.611575708889497,120.0
66.8194410226201,40.019030745434264,146.78747429772218,7.03419961049676,104.36660969896995,171.2499965040687,120.0
70.75010747087295,22.096093962396683,10.368306802860944,7.145736819163177,28.13908477214926,38.4247309306171,120.0
30.172883276654094,29.195274632031918,19.364932399357503,6.58706328561065,43.93493559894148,196.47221968667995,120.0
52.45819678642778,15.354152136860819,3.0307125319214547,7.618677627026231,96.38885587854415,334.96317108066154,120.0
105.97878337597986,23.32232368057194,12.141388903760122,6.6517037494860185,8.494182097682268,234.9449540207198,120.0
88.78884139193273,24.236803696105344,199.4058969846108,5.508223530435568,92.5067970756601,191.86108735972724,120.0
9.574046242131052,27.836890419566995,49.21178568547028,6.755618300733825,83.78816841602553,59.578522770232404,120.0
32.085071989215166,8.665275154048366,6.467817215870561,6.67142811119891,155.86725306389738,122.46952284682816,120.0
101.34523484410158,25.996843678469983,256.9655990542933,6.077692205855292,70.98839289784836,50.07164386917557,120.0
9.513267840514814,18.101551267792644,168.95209305307714,6.901491185814198,196.50975230791988,403.7493658283304,120.0
40.07649024618129,26.946074267169543,112.41616592906959,5.3326343136663965,36.15398386018063,67.61991399236128,120.0
25.379992187271018,18.782024818971024,216.8115417080816,7.1933967792099525,118.19733699362698,297.68668327444675,120.0
53.290143175167884,19.867103824446513,19.890183777107964,5.885314807476183,17.939859401650928,171.37020679442293,120.0
4.239671698535863,23.35823433764039,144.81145415109796,5.8105377124180775,146.7727967987964,112.98919232759175,120.0
94.84844808896536,18.68602318238083,93.69236664392865,6.420322659384766,198.9507376123943,319.73421974605185,120.0
41.594473503075655,22.14679331958787,163.06964918605215,6.803081049630545,163.82772755032644,228.5011546884703,120.0
15.838193198292727,17.83974538874011,127.52910064533354,6.614746844515401,111.14070814406026,200.07273364227956,120.0
22.413360268670758,14.000977289807635,34.03241532092353,5.980138583959335,96.94827147993841,296.4260024461108,120.0
54.654172352339124,31.107742314576157,119.11882196213354,6.145737496165678,167.00599225336939,245.63381424500037,120.0
20.90002716983241,17.22370784305643,24.354395386672486,5.706870356835776,187.19481694214485,151.74210427578038,120.0
127.27375665658668,23.9279146743521,31.870281753739608,6.342724068859091,197.8413051596186,279.53064388262584,120.0
37.922782154146454,29.51734648896271,9.13467630458134,7.252514850157636,79.30784551289682,334.7492882753473,120.0
112.1389963522103,21.31033538490374,218.7637929360198,6.497015943649287,198.18349495890246,13.34657929342714,120.0
47.396854663763875,20.04900460152677,27.512359706100547,7.101589978331617,31.1852504347663,232.9358644538377,120.0
68.67047096358377,26.35742853200453,58.82134552773284,7.5187809364083344,50.70995518638184,28.841642291771883,120.0
65.78852190341003,31.70760293636291,39.71869521400501,6.088387036674123,17.80322494677924,93.20270703405554,120.0
28.13633794081842,17.984108409481188,257.3664361681903,6.369398722861245,54.347703296896334,280.2543670389865,120.0
69.27627871818284,24.099113007895365,32.64337458567588,8.019835002743747,153.58751032360223,433.09445763279035,120.0
30.21703871233085,14.605032430196037,120.60316636981531,7.511040388385962,170.58487163568995,441.40283959424244,120.0
8.56571977562116,22.64079397790686,154.71165559517067,5.3293168319313535,155.77852902051436,34.972005069315635,120.0
35.32734406666926,25.205228107228454,45.760285700911325,6.771003821242634,126.21315563353926,209.55254314335332,120.0
13.728895273695557,19.872252149469606,38.007316274018144,6.500391994637787,102.79330250452912,291.5032415022756,120.0
29.359826603887317,22.25804899704861,110.18544421765198,7.0785171776011335,141.7408578427293,73.5349522751717,120.0
40.54907822888479,16.5506393901553,195.25217966866484,5.978514862760461,78.16670985344436,382.71610837238586,120.0
18.707447573534196,25.462471668288963,112.49747733831951,5.9122741395715295,168.26167029994036,372.1176292186194,120.0
62.4247263811221,31.334165493298897,20.61117744029662,6.026750499294473,135.4380187953571,451.67050685339734,120.0
29.923933192601925,18.417136781377216,175.360634771786,6.099650017661097,139.5609396988817,4.243006041721509,120.0
13.325977081813454,21.263969400685703,39.22717440350797,7.07072691676631,107.18719862581425,108.34212199450133,120.0
18.984208265806842,28.01527747872509,68.6850428554353,5.673159178795784,177.04579684223452,413.5933571226609,120.0
45.242273561928776,32.272544315936415,142.43500166522526,6.064170270028477,50.402946735810495,335.2900254134677,120.0
34.11057941912128,16.040861126746414,16.699297902976397,5.247691326648991,76.22953067221015,447.1949268492454,120.0
51.82561790981659,23.987291575504305,122.78731230807568,7.204982476388661,155.5285139355378,28.58982726513326,120.0
45.48427403853489,26.69878493391715,72.53947578869523,7.389721069601799,98.54977922586754,298.48198285822144,120.0
17.40273894964852,24.38766165622691,179.0499573619241,6.27104859839535,177.84280268483818,284.52328744683706,120.0
24.861575157677578,10.139247598737477,15.096510293600097,6.291435444630744,69.27986395257047,17.837208180266185,61.878889728659956
76.17541959219078,28.006540055852632,43.67233108410595,6.817255331598028,73.86603376392895,256.76103845624175,120.0
20.207864110717846,34.11601810654386,143.1057875205932,7.532137405164779,177.74715787732507,304.7601556549621,120.0
113.91342290422739,25.69997050701702,1.5535230721362305,6.7860275232947425,92.87406403640821,95.64658710105361,120.0
10.58768252697261,18.81336368023442,9.520826086449562,6.01172064026742,103.22491684049734,136.66479156233146,120.0
74.4553814472887,21.9212365218143,373.06813201194245,5.366824199609492,66.55274306713588,320.17367314886855,120.0
38.39912561642707,35.619478405933556,26.324134972238085,5.719411616135559,55.33398843581638,234.15047379997915,120.0
17.507120445124922,30.459775245163353,296.86773812016315,6.551253615218726,131.1897421676784,429.0068287841634,120.0
44.288221146196285,28.840159710305976,16.123437716923107,6.041270733759444,23.968132308240776,171.19088300459418,120.0
20.80836948558907,27.138475501206255,35.839890692909464,6.636477394193531,175.85452823658184,133.32982919410057,120.0
26.253068753067836,21.033177326854165,111.82708137859505,6.112953188634636,155.84062735302157,492.4329701724214,120.0
30.523397593269387,23.79657291606539,85.7837455747814,5.759297498093912,38.14965274116056,455.5678850650417,120.0
70.40978557869082,24.532463585928905,69.6141220537761,5.67607785798285,138.80398916491308,14.49637249948993,120.0
24.55744150912256,28.297445896386666,60.384647017620054,7.593648156561261,120.52658425712697,385.36430765328294,120.0
49.536704174439265,34.05351336560142,148.34550317842772,7.12229142442855,36.90701014732882,55.16738691260148,120.0
72.31470121905524,31.71002882075877,21.424976743175893,7.71136256627957,54.640701210046494,13.742597414685475,120.0
43.37995109763892,16.483693865223756,46.73925024936155,6.877965630528572,81.79730074676688,136.84775798317443,120.0
55.22225729146284,26.343969813406293,13.516324153281094,6.199006013969613,139.84854704909478,134.67293953055216,120.0
40.369798704206126,29.420580071007382,72.49566771571952,7.426338645742956,127.74468176340119,409.6593811734823,120.0
61.50435034052647,28.713161980867813,23.072658805798095,6.476852399046763,106.44696953533959,355.3336229714176,120.0
12.949546739279114,21.224597419675483,32.49827967436758,6.654589239203247,153.68210862280685,490.80471366600716,120.0
107.17786228535886,42.48465529461017,50.97927231511464,6.470022934647137,151.58754792123318,355.75645015590925,120.0
23.2421761075118,17.337492626013287,2.170835537694333,4.43716704650119,123.57183081245118,209.12777662802395,120.0
38.697600130416504,18.5008693200037,7.715404016534356,7.623314508606397,157.39801667696506,349.46383047260844,120.0
5.865131634096524,26.401570487569458,92.65095253744275,6.843702762170428,66.85267495584183,499.72953359320104,120.0
27.33499834180592,37.70081832978312,44.82507980270438,6.730876142607957,176.24990566452112,355.070941281264,120.0
51.064699156871185,19.982830895774974,160.07422364019502,6.456756756410607,122.98201716038815,380.8406779901591,120.0
116.98529231430011,23.405029806118048,94.90949458503508,6.614399474270292,164.4727027624861,469.1825075951297,120.0
63.49320908428723,31.463762038094156,0.6507146054073096,6.081904744907627,109.25582095805679,56.82563065584168,120.0
29.138628974707036,24.892827070673597,76.71755817032792,6.931605546615089,43.687648997736076,352.39214672386345,120.0
9.67977176851138,22.992376872818227,7.872987135580907,5.585031158920607,108.48202573566172,425.4029789837245,120.0
99.00733929297442,28.393797411320318,121.470278447351,6.630247902729383,74.22233275531762,477.18930011044654,120.0
28.010103255810996,26.63510794137756,381.48752225192266,6.893101429399773,139.4998072074189,105.48464485584968,120.0
50.96006556039859,31.182632713820748,60.606117496977134,6.360931606323968,95.15875834694715,251.96450386212211,120.0
29.204504473845027,32.74881333439218,91.85265311414082,6.759607454729717,167.22256098553754,340.2774238222409,120.0
55.65999815253602,26.84201836003217,21.672726142366248,5.806065925436025,135.61450246438335,123.73386475066872,120.0
96.02739557791476,26.750396352269853,46.04303413409202,5.823921260372825,136.9088866062648,300.236431625137,120.0
69.81813240768224,26.284665893716802,155.08833824509682,6.665701984718475,43.431066698212994,128.7893912489997,120.0
33.60828872706046,27.934783339895727,14.658360492060291,6.974984758234736,196.84995329825807,166.72851026582364,120.0
100.59599759621298,25.331023827228783,24.68910084255905,5.187594041148802,168.33504185429774,220.75934825543254,120.0
134.29909109037058,24.996349106066262,47.16550940777313,6.865414444577537,157.80097691213894,264.5950493732835,120.0
82.51837207975115,32.17976272496345,99.65275042245963,6.119758949736564,66.0430450320055,224.68293581257532,120.0
29.948142720482068,34.09669708213026,37.71351664193887,6.365035738884811,107.12633056944638,246.5977598939646,120.0
74.56524089531558,15.954682332199475,210.19021756340422,5.562337453504474,27.42063761486573,149.29437814414632,120.0
81.93689843435898,25.060126910443415,7.937645746143472,5.903867931869304,107.69519533254119,79.48254701131529,120.0
34.117307592845705,20.867833399328592,37.06502232490268,7.176287727871218,29.177849296657456,23.674988663419715,120.0
134.28689430234863,23.134171201083568,98.7419498230085,6.523004361786149,110.60756879792024,97.98936124583385,120.0
93.11242877384073,27.41509725841193,20.49330455280217,6.232055118803309,129.74437603098113,290.9718207528915,120.0
35.51940347271065,29.01663022925481,85.46522519607484,6.418458153158276,78.03919344998047,393.0577239015662,120.0
29.922449157739678,24.32724133833193,14.350897519130077,6.842448277265011,99.70897566625865,84.62379872144726,120.0
80.6518917349767,13.519957991663183,4.608658269944104,6.808346147314336,175.13067753491717,54.27767888632423,120.0
158.41440257259464,19.209726516542922,10.319060937355014,6.447481099722239,21.712628940561874,374.64518027462515,120.0
13.868193820373321,30.378998021200996,212.72341414073088,7.265071377627668,158.34657859993058,152.57916526864486,120.0
57.61253287383611,8.557441467790412,64.19249089974862,7.179323845834666,34.150910199239284,475.74971961367623,120.0
73.62298665623592,32.124562910091996,127.30653608636325,6.789360420391277,7.341596560925678,357.15898530518655,120.0
95.43742692935352,28.127379943867247,32.355790202339335,6.53822824803705,37.114920549009554,163.37802362151544,120.0
74.1376427707933,32.89705648918013,71.8482993656159,6.960124766583677,153.00863799409794,144.77137389685245,120.0
28.32023366238848,23.80858487871424,54.64816555647809,6.7199871952608285,81.025214667372,261.8491931356545,120.0
12.367127365771296,12.63156745586257,233.11442917492445,7.242560050264164,174.5041033692364,39.57233413910471,120.0
32.671467602116714,27.58217584903899,110.13117298357399,7.129692963716815,104.94150823645316,58.8382563226495,120.0
72.39851877096753,32.64791874423005,104.90760708139022,5.78722226900759,4.450070385266192,87.92894065809625,120.0
25.871042583335658,30.548330833080527,3.7969583602649326,5.739825780480806,143.34272192038534,387.3617966522801,120.0
105.66936342771507,21.023851099071788,63.82191173070925,6.009125318917147,22.04658174424654,256.9286796345612,120.0
37.73856406839518,25.52056645277588,50.33742567916126,7.1832970830468446,157.8759266923849,5.28356138722147,120.0
24.51737476146196,21.80298238732046,210.3120651648659,5.396583702260128,33.62050996103601,336.7582637360545,120.0
62.30355567698492,20.08440121486377,23.801569634166423,6.776330172375595,69.08927716110269,211.84508933024853,120.0
34.774809307560226,30.732331427079107,25.158609974759866,6.7537801637650725,152.25428592507205,255.42618248189896,120.0
29.261378188142505,17.81480613240903,42.39337016554671,7.3138536410803345,190.84627149528433,107.05812170646777,120.0
145.9172062082705,19.637101416510323,22.310443017786863,6.626237083464721,74.28679012934647,275.8911141970518,120.0
25.736798523156573,18.375846199165686,11.065958519785784,5.55975342659127,165.88004403978715,489.5766198757443,120.0
31.741866474339318,16.05851486020572,155.8252712306329,5.8284515275463145,38.158453095167744,36.72234550288073,120.0
62.95567287912475,25.87848575105562,65.36569708081173,5.672603134671522,161.43595404049822,141.95869983221533,120.0
104.59409664009142,31.969018290891857,158.0715396318737,6.123439223566802,131.4988118512502,121.49879643041488,120.0
58.75170303811843,23.890739462528405,142.29234484787784,6.371968902803252,38.548701442473686,124.27465537558979,120.0
45.093164033297796,15.965513196615001,26.50757613053184,5.684190931645261,60.500792070282316,189.35317878268864,120.0
157.202582671751,30.039667238452164,63.47939139231491,7.529463393456602,26.3541777194072,409.05489237208377,120.0
30.54796569286428,35.11421052420983,6.95081939836351,5.572303039633291,76.59340221286266,456.4293449821937,120.0
30.67175876296222,21.122546055120434,197.44574107360833,7.4422723967037365,40.72972822465548,101.10754372948666,120.0
26.054409785823403,22.12867439969369,41.43644049484528,7.329614122007539,128.7995907260947,271.47496897405637,120.0
56.15389884532759,28.093963780500367,40.02728684870718,7.128811784782325,198.90102084411174,318.4494860827402,120.0
19.900991022290977,34.73124248671031,28.849516406053407,6.014363374752275,2.401832616852828,260.91373718192244,120.0
15.592483834640717,21.880995125648642,49.393284186270705,6.739715615423831,108.18396265745973,217.0381970984598,120.0
31.664116193889914,17.00530131401077,23.202454159426324,5.605840206514568,114.73331950980194,95.98775292961892,120.0
9.194197948163277,28.78851163763444,37.581383492006395,7.137634924523624,182.84175793616237,244.10967959961926,120.0
50.97687690001833,29.794408438853797,128.73385523203834,6.448210652924612,101.20106695338751,200.60741385566445,120.0
56.25848790836044,25.03678870261136,143.78462836809612,6.2134758497893205,108.7402839289835,397.78168125113484,120.0
63.3720128581024,21.651200442055295,29.013426681901997,5.643378607340612,94.33056026567772,381.80217958149757,120.0
76.8457798011618,30.966272385952276,50.64163474334017,4.765745716959689,53.780860912296276,66.99934060283536,120.0
32.39217790734884,28.168216027287787,165.60352376150348,5.773021400074971,11.205826649782736,44.25952628153379,120.0
96.56445529986267,20.389386898579044,4.328903578271911,7.2789587369290345,81.73153644196722,454.0769716137515,120.0
90.16108445062362,25.29456838783403,175.9625516087898,6.218016600067637,10.518294248135707,267.75419448224886,120.0
17.4950707135812,16.88975480785212,19.793295597674433,6.381469800019467,110.09849389318356,428.90046864129533,120.0
40.46603007736959,29.11534273862752,90.79038469925908,6.958888050801917,61.458728648458624,29.075560283200574,120.0
3.373427914457601,23.426598583702866,69.88756528269603,7.763968214681386,106.72048030508556,263.2578082608151,120.0
97.49253678986375,22.385735005691576,64.40513110133311,7.427503258461947,26.859392879037337,269.7132572881182,120.0
75.90568997013618,24.802753089085396,156.92427544946972,5.819365497328668,186.52599314787193,430.35101627107497,120.0
112.78705521575647,25.241846195981488,8.568709552781726,5.140200599993816,178.90424870998697,48.80499911485375,120.0
10.500239277698498,30.369580369393365,34.09768547441004,8.151729981370073,37.9993018404569,120.22278183795466,120.0
59.94049126135642,28.54654318795133,61.81900860864885,8.088294128161618,68.68885665880198,203.26915694350654,120.0
27.541339084710785,24.061544327243183,133.40302086107994,6.631917517500498,122.69855437039593,432.9207377099711,120.0
5.735543502662587,29.582008898313973,19.51292606449781,5.610658228092725,19.137241461181254,469.44165753528347,120.0
83.78101021700127,27.404423522149678,129.93563827914102,7.174258573725758,70.91356422323017,496.362309796814,120.0
14.135102516890868,22.440402182283776,40.8178620829632,6.424411419791173,50.22245736380122,479.59674322926077,120.0
54.49358599628813,24.251691050581083,16.7504809248162,6.420913213825373,183.10334574333933,2.9708779221772064,120.0
27.28142829552897,24.110662666941277,113.83216666833894,7.12612119017359,170.50212725784104,23.85417072693602,120.0
47.82708551746092,28.03156805904521,7.623917719131269,6.734062322811309,115.96654825337276,73.80340957879433,120.0
77.5894319577791,22.797864311670146,57.85014895632867,5.669929562289538,104.06926737431483,174.43104838513656,120.0
47.92593990112717,22.657544881470198,5.280568140833097,6.272680645442619,186.14515890907944,414.95901549347934,120.0
19.555189442844494,36.81254385660375,35.25644855043859,6.962807050062942,186.48555659576306,446.3280976677402,120.0
148.28640541409575,30.638412890482627,73.51890874651535,6.8571765556835125,193.86602507033209,93.41720314729152,120.0
32.76561698201544,20.436396013449166,64.9752783192038,6.683411602050933,25.07577682163753,309.83207580985436,120.0
23.083908874146903,28.42564596365319,41.48919291962656,7.153396068133104,32.11156215263404,458.6809925326383,120.0
39.5039751372846,25.710100393931064,44.836010027944454,6.246798108527915,135.34733973597733,231.86586796566039,120.0
10.758965498616028,27.34930705156056,20.574252397352325,6.62506884265335,108.28689532196898,51.77178597639198,120.0
24.892190296920017,25.82404794739063,48.68721802491266,4.13709462987568,3.6931809786471925,228.90682504231248,120.0
34.370219875781046,32.137855872911416,245.04359154625192,6.185244864310031,12.395007197903873,187.89745114402862,120.0
50.79896670537768,27.073722067908676,152.0115203615773,7.034732036002951,177.61607645176102,288.8289980330035,120.0
43.756653479770215,24.627467810714275,12.554096690824322,6.226723873018,173.77415910787727,219.32934220355182,120.0
60.05530420461702,31.253143461898105,2.4186592451597884,6.173640825798022,71.45418439920903,8.67296342685897,120.0
40.74351765818295,26.39971024652723,216.8735202345125,5.770982933757627,178.21012338610694,496.9988667068356,120.0
89.45945365844791,25.728871475974348,59.850476830307244,7.202356124910402,118.73501487958036,271.77011886528544,120.0
67.55843813420624,26.884135614916683,61.74715338827289,6.883924291478399,161.18112940378037,236.81537774230478,120.0
56.75589473824768,24.4383458598018,121.3917349352516,7.077790218476159,85.48621423204285,477.30868575202703,120.0
99.56906508908098,25.055361957972814,30.23059928224615,5.291650226629478,22.679665468981746,77.93018379353856,120.0
99.56168546126017,21.479832467428764,52.608129128030434,6.387684969714056,86.74541252920325,94.61880127262413,120.0
46.183504446072135,20.492996682256727,277.0362399492518,6.3039222945749955,91.45995959937959,404.00737453139175,120.0
31.49471386973125,19.00857768110536,89.21560697552627,6.303599805381014,110.1888387681206,130.41554001250438,120.0
49.43190172906237,16.648100279217545,13.354766732983325,6.068780719397431,21.1165425808856,399.6135531457635,120.0
38.1070937774011,19.72169583169266,11.438229448599778,6.25772700975399,198.2803726099223,135.76674145425127,120.0
30.498416026512565,23.954397793198446,18.279100754893122,7.094751347894656,48.82736416138127,16.593815112500742,120.0
48.00196268500027,25.618705494673822,116.43841132696693,5.161004052656519,39.71048070741858,258.507361943358,120.0
55.50232906761888,23.372220621114156,28.007390113938992,7.744106337621317,105.36058377118731,98.34321706343069,120.0
65.294509566136,10.865779059235852,1.7296722373211866,6.838688787518523,107.44163587897772,378.92314646623555,120.0
110.29830986970408,34.447518146574055,230.84176637764705,6.470367673037851,87.96414756664885,320.59981661607407,120.0
51.51798250557529,31.51888073734229,14.8787485068401,7.134783902461048,154.3784292650509,461.8013339889589,120.0
41.43912785496428,27.674559107302773,0.7683327029745208,5.4837156783820955,103.33088014572054,391.49417863286794,120.0
82.36666874906936,36.44494403531961,21.653579420955175,6.03470936639429,121.93909102899683,90.38797742036341,120.0
21.312484016795313,19.135815295097736,21.433366086673466,6.415247197326612,144.74927708155712,400.0791183323982,120.0
9.300680840748148,36.32575072375603,43.85523958873563,7.455892259302524,5.005020312773323,320.86852240701165,120.0
59.3511632391399,19.208715539496712,202.44907594528658,6.46745239321141,114.12883650900896,334.4758208803125,120.0
32.66546631262053,26.43242755174814,169.07953187622803,6.815038269829603,176.83889424567386,416.1314429850744,120.0
34.65311150971659,17.356976049194774,48.83614305450392,6.08729470284471,3.4777485850867818,286.91203459447013,120.0
20.874181521051625,25.0881645732662,42.33273353421252,6.840789448277244,81.03642076019221,233.00175717650646,120.0
93.83412307617766,27.31699898799033,64.77611328551824,7.67406771508212,185.245490041166,318.320517679364,120.0
9.714180240017326,24.07185801319267,22.319356566527027,7.196868684171879,70.63088045650755,148.97871447917953,120.0
63.630947203442915,29.283264664540827,4.287674797941704,6.442980808555484,91.74576484004817,91.29856554354964,120.0
41.878381264223144,25.594086696923544,224.04500362609247,6.972843593085829,196.30827860886257,308.2939190356232,120.0
114.88533528849094,21.865511629734943,16.532318852575667,6.904261868225048,39.86477179011476,116.92418454273884,120.0
82.6159961741781,21.599120093185963,17.69171667116965,6.854611370188093,13.051037825001188,39.95755467330336,120.0
16.188132105681806,29.86548263569418,51.162496839652945,7.278367352602286,171.88451817226087,0.277092292626957,120.0
67.60191700834369,21.077547821158195,54.12103909710411,7.273134392686226,173.69306824247371,304.15970070003357,120.0
58.1325832101517,30.492417822909623,1.4884989720896156,6.410988982187581,94.41556693600263,181.07439174011841,120.0
39.56744531246028,32.33627075699159,12.809250404727639,6.9493153430344385,102.84143489545725,376.15548533672796,120.0
63.9652410259753,14.987716825923219,38.005129733064,6.231833555188144,167.16127392356722,187.58819915655124,120.0
24.84353125764179,31.797558323806207,92.09289540926024,5.853849322579095,147.711899623159,243.00172411911336,120.0
45.082830137461386,37.362536190668195,20.745033475514717,6.3113543710072095,53.02980044340213,203.54248640769245,120.0
42.44542035343709,26.51202256721157,43.99504396812883,6.446605293782292,3.3786710143036913,325.2873955546731,120.0
21.8322926041266,28.594505111768935,65.19717916668529,5.336893307575406,95.94003250670914,178.0695810074841,120.0
32.7272219485008,31.22203194621495,175.56484644307417,7.102232791591704,171.78246521912828,481.88382497115447,120.0
28.450314737738267,23.347106108925868,31.570382112025925,4.562872204178322,179.16693533803243,468.07349329926507,120.0
55.473234962289794,26.093681341227217,11.468833188892527,8.400371857640424,191.24523941523077,424.01395132864064,120.0
97.54370491812597,17.114802822261346,53.75348499425953,7.551315393657423,175.91264752255626,460.15013528637405,120.0
13.015026066248673,25.831810171182706,109.86128053102696,6.3172938930793805,116.00871105961967,224.5698442296955,120.0
56.68636180383175,27.98867197386725,9.310100185964513,6.506598452394641,88.92111984722018,268.21519839474604,120.0
27.60497879764851,28.096978137558814,44.22679523229689,6.712080311511098,154.96996930681982,371.0462962791222,120.0
79.12196174084816,31.39254834158548,1.4356157980172073,6.08758772840774,147.9643268731193,348.0729624692706,120.0
56.19559647602548,20.351186931186824,2.730817212774287,6.634833403310855,107.62868601629087,445.3392978027354,120.0
10.072830687620788,21.80435945995902,52.76977615983252,6.399200015608837,17.465474511693824,358.16551362834764,120.0
48.03157360541192,36.37304407594813,28.32823727646,6.434009097938324,185.21626935738377,498.9423541142303,120.0
37.97366151983917,24.09802975741774,149.2018122742015,6.627022744436447,91.12050750033242,174.25289991579552,120.0
14.369275708318959,26.200202723873968,73.73528421676599,5.580530541152204,72.66675638325286,416.49887111970895,120.0
27.90091857909295,24.597939749648674,48.40108240669362,6.527698806893554,125.91347903375434,348.8174114163321,120.0
46.46897165947705,20.069915042169868,41.931158363232576,6.614413422632234,134.7675922333954,345.6932226075093,120.0
28.571824931388925,34.74117526535084,55.01226081559005,6.59019473494914,42.13758340606029,162.91779742249946,120.0
85.4017338678162,21.833791528476365,3.302337190086057,6.3489184711946915,167.38776896199124,392.80089621151126,120.0
37.7108433838388,18.236286857758422,178.6397646862281,7.2965004431785605,57.98741873247557,450.18801117379957,120.0
26.290487077224807,22.29555833618349,510.31880536794483,6.252443211582914,37.33678518286334,109.27423076028148,120.0
48.397106673610914,12.9897639896468,16.021292170251158,6.659128134776233,81.27997057089948,312.74841855835206,120.0
53.07066615308111,21.092275210100908,10.26149227801773,7.408108273747882,146.11201617949305,196.0674145513876,120.0
79.61899855935579,19.19122841288604,12.399312573026062,6.444436701985781,193.0916356879607,494.77405964743855,120.0
43.751303271124755,28.704571785563946,86.5467994070232,6.650124287227286,161.85625287428664,239.41640791584078,120.0
51.513408334001255,20.959514562640766,86.64451410206453,6.432530754579572,188.06967553403834,114.16008689847135,120.0
66.54040808665135,30.326823613473092,150.67007601458877,7.366158855494519,28.12116081530536,190.92881261091625,120.0
21.784530420931596,33.390903958415926,111.49013848537551,6.3195928068895935,14.235359772735357,326.9191949083131,120.0
76.28135349784803,29.687052017725595,47.78183437088694,7.398348204101744,111.54095238133424,38.044685674788134,120.0
14.767693612449657,23.70767026683954,75.9165530441197,6.427488473747054,58.05949660880687,301.8009601106188,120.0
46.06652166567011,25.846686980233557,93.25319301545177,5.898378193586388,165.61099459385457,465.612379589449,120.0
46.67736025343473,15.850090359135642,57.5160138783325,6.975561219401885,134.39757428046522,425.18139382892525,120.0
45.83150511199213,24.19732376487256,51.64782049391577,6.286732516371041,194.1456327971589,33.83676832899168,120.0
13.55732279061689,19.837369191599002,82.87296175642744,6.934350629369414,50.95847114626084,496.6949393695341,120.0
1.9703177505886602,29.165958286895794,65.22058397991674,4.589416930553386,97.15682287104647,349.3634618519396,120.0
33.59135023741251,40.436514335466846,82.61299980782641,6.503643683326462,100.24809548507065,81.14041215701184,120.0
54.269241891664045,27.998929815842857,75.91643162148831,6.178276290869764,47.83535897147524,6.208044584711747,120.0
106.7769651599529,13.053159106272002,101.60802864180013,5.755718919428105,118.01867989760156,85.64131814607568,120.0
54.83981846573827,22.832618842513764,82.35754024387273,6.1127312987121405,88.6571972158479,419.0879603428693,120.0
14.52362317858132,25.734945552246728,58.67462658789237,6.098407798995144,89.34431119797472,10.81966247258187,120.0
35.09851624929717,25.524144551561584,91.6052113618923,6.466409943604593,72.54732959449672,116.57365180904328,120.0
36.831459399143334,20.61512124634748,47.75164500532897,5.542871477100531,3.385870485107012,378.6527976674377,120.0
96.83253369526788,26.471750455821613,22.131059884386524,6.721391646181799,104.4190473829578,293.05526794906757,120.0
55.923980662408944,17.544994978483675,0.1135381407957615,7.456350349644052,67.04956714006623,391.36785518009594,120.0
16.78733721392201,19.330547663889597,65.67192573040033,6.696649947863478,0.26397379686593503,373.07525191339397,120.0
26.6742030462934,28.87478584962227,71.4558009047364,7.066292026460307,61.58874153238641,25.300693560902367,120.0
71.11681228066263,18.906020614721044,286.1840833304763,7.2661937182296565,55.7256666179514,446.25570954707575,120.0
48.78875706095596,28.229269632953542,35.88797372625838,7.365542658528923,78.68963064472716,113.51591714113435,120.0
41.77988701861869,16.78321735206365,40.08761517938705,7.809097084974914,26.370397928679388,276.6962201148819,120.0
34.95666492392214,35.58895530275041,18.031644949219878,6.150558601206849,101.53676492701689,322.1440782638894,120.0
69.9585455543754,20.354380465575673,5.851629514991443,5.997061210387218,138.488070503626,84.3141054425477,120.0
30.795706556887275,23.658000569179336,118.55554938002399,7.048425953827314,126.03711381091449,488.1156283504872,120.0
25.7735893118591,26.983679566542435,22.980553223706202,6.99578635376018,160.75098951383814,244.0779780436545,120.0
78.4904885032938,21.607900284993434,75.10435411367953,7.042972709730982,90.40165759741623,28.821347798696717,120.0
1.9150555839298076,25.860435766427827,93.12199243692369,7.8224977179751765,103.81834606794564,468.6310223889202,120.0
16.315948056395392,28.452140347120753,50.97714969916726,6.507958936158946,162.08038817179667,293.133921596634,120.0
22.435338575841648,30.76367939502091,167.2253899149635,6.7983095917523295,85.5402341638477,349.59659899068816,120.0
82.12906728083668,29.748984615837742,46.92944493986837,5.813728223961568,140.3198699799194,262.58789496711205,120.0
46.89499098021202,23.969137217183956,26.82759556098072,7.99472478678317,86.92047374359836,417.36897738848376,120.0
15.2652241014921,24.120209355738385,181.08109201819224,6.264418555153623,83.54723890231253,16.566731096605448,120.0
14.19396645525314,39.094651348150194,158.18793658504077,6.284248850287419,152.04112490583205,134.18918263857387,120.0
83.69233562165739,30.69933440949575,14.333956049866668,6.25727507629423,34.96738309324223,234.82417820134611,120.0
14.239989576548082,19.46905806207872,2.104316313325546,6.048572898948963,67.71719438831471,38.301808156855024,120.0
24.90757605029768,25.599928982593312,7.543584596314279,5.989394065806645,44.834455349380356,352.95333466332914,120.0
30.040920323885402,22.989141167330846,27.011142025710733,6.133407001977332,71.82198859351942,196.83170702782039,120.0
60.14809879999154,24.18799459646134,286.78981736821044,5.543942850364338,46.0749644732048,136.333995134072,120.0
27.936883645886496,17.623029053751473,65.40910772865433,5.950277455815733,115.88112621733093,1.6894234042061362,120.0
12.103974369785513,22.52846059368428,37.37810087624228,7.864274178013333,159.63416052356905,359.91515587497685,120.0
63.83061514283116,35.869334639163476,175.65365094736805,7.014958600548958,157.32261224358038,416.90465443643086,120.0
62.877083246995255,28.474457805253017,48.284459400220555,7.148132923709403,72.90019290975849,197.52026784074923,120.0
114.77107814299865,10.05303155109124,30.29478912331969,7.32404615119184,197.75208117885234,282.10898851668276,120.0
50.147929619550524,32.30034095498768,226.71564806135277,7.783894195053674,118.77087294116015,113.84331296479921,120.0
13.65933148748549,31.537777137454967,151.51276680185785,5.260004213989309,79.88006035565896,311.09882314006654,120.0
111.20464336289307,22.844288174161502,148.46205835616192,5.639081819299421,167.10785584828508,6.068729157600261,120.0
29.95346492531905,29.30358126269929,57.441882662595035,5.9373934373737205,145.97480252852816,244.32194854937921,120.0
74.22764709167595,19.843604735096797,124.63816211713718,6.171189142457282,149.85506736482088,322.10274092034615,120.0
108.68749887006462,22.178465702401855,15.813013058549963,6.289601426590326,39.22786994677432,459.095886614867,120.0
44.34863712090739,33.99127816401912,68.11948407714826,6.187115713035771,93.66486147371103,190.66790856114213,120.0
40.43905921153688,23.36961976078175,330.0466244731688,6.653516239192438,172.36562616492054,382.5951014905149,120.0
50.27270535993599,13.781610028270054,27.507289841873508,6.524706773521651,100.80760152575145,298.8435149717504,120.0
57.15645350218361,24.62018066331198,126.52727285128486,5.994015643375225,136.69054868421006,463.5060564625403,120.0
82.68221828558535,24.52846964251386,53.94264374882388,4.977115856108701,117.58674660685291,199.1888378297153,120.0
36.164097132006695,32.19021141624076,3.2495681354191666,5.804991906234911,168.47135754367642,159.547669936494,120.0
42.760360983156104,25.08601853305456,115.18215908161378,6.115532942681197,56.91216795232052,443.5709993470719,120.0
27.201430620308916,22.470506131358242,14.768571201682477,6.327044394234596,115.09505557727297,24.62220070414456,120.0
27.085472643959818,31.270336871387236,79.85942711538006,5.709232778482624,24.646933601960797,68.1926964668384,120.0
19.86626634546772,25.72474139500666,7.1645897943486645,6.156435473452506,138.04215533989355,41.202217292022226,120.0
28.740072177217503,20.499863910605697,234.7971644814342,5.7083088280600895,146.3935676705424,421.5549782882013,120.0
17.781596916484553,31.929985363249706,27.593701716515927,6.411926453916167,8.567464237799683,5.303711685159696,120.0
76.26802783284823,26.161970587100797,20.542717002794816,5.74883607014617,135.15819272559702,430.8285777485241,120.0
65.37295279295937,25.017555800076625,11.061593653568536,5.905766740540675,82.93803083315727,225.6338976856334,120.0
38.40186782740423,26.067450348469922,233.50494805060362,5.583921108307603,24.81937522193647,2.0126394269853742,120.0
49.31665792338531,18.575989771500417,99.55685016427582,6.392549513101152,83.98150953969352,200.82258860602093,120.0
19.88755468946061,21.834077342929977,108.27857378355685,5.893486561033321,38.84658593911634,93.40042052251779,120.0
40.30036974021727,25.0214956109967,55.3565609481819,7.1347489866728,83.1119064246633,312.2002437360815,120.0
90.28669329028581,23.832017829851925,51.50709172165552,6.784095186685029,76.86780559170555,339.6793949608233,120.0
88.22160962677665,32.634570296899575,9.324614805644677,6.45110369227145,147.67832738721148,243.76378520249992,120.0
116.28470486003062,26.304435116362022,65.64955766939806,5.941760151859348,154.84311163327175,20.259762719834985,120.0
76.14433766717526,30.129423535818415,22.68633288487309,6.766364213721412,121.40573087690933,328.0644021836009,120.0
52.51731468588483,25.056372127455095,302.28799429498656,6.983490622544046,4.537368436489508,421.0193918027606,120.0
73.42622823760018,31.33773090247674,127.39896742808389,6.599881888541141,186.2044558141988,360.1621386632007,120.0
14.714487387037082,27.385166539438924,42.61735465349317,7.622591298826851,137.24665601928953,414.97895947765926,120.0
69.6727473380336,25.080522912330785,13.127850174088543,6.821746122652371,6.839089984237767,100.25476177544374,120.0
77.93314473440194,24.920301466245856,123.09289532804362,7.139525052297624,163.76657984282357,444.4439698282413,120.0
39.792984358166926,19.27336824225422,10.4135940284615,6.593495790875185,40.053230943599225,161.0967253239814,120.0
43.20320412647851,28.041494320817865,16.791907428672566,6.972965117279884,115.84423791422137,6.702407125995514,120.0
33.661422973455416,24.758771592781727,19.011911532251794,5.942253137131577,93.32687399003743,421.69582316453534,120.0
38.86994811042283,21.98804823891277,65.11509385622064,6.179121145751044,83.96775647101533,470.9106344823634,120.0
47.18760039208802,31.638770624872432,123.73833038619256,6.744554487437666,177.94274402487952,327.7790987086744,120.0
